t,service,cpu_pct,mem_mib,pids
1790882770.483,lab,0.00,120.5,14
1790882770.483,database,0.09,215.2,10
1790882770.483,stac-fastapi,3.46,89.1,6
1790882770.483,titiler-pgstac,0.17,287.5,21
1790882770.483,tipg,0.23,130.0,6
1790882770.483,stac-auth-proxy,0.25,156.6,3
1790882770.483,mock-oidc,0.25,53.9,3
1790882770.483,stac-browser,0.00,16.9,7
1790882770.483,stac-manager,11.52,57.7,11
1790882773.070,lab,0.00,120.5,14
1790882773.070,database,4.02,215.2,10
1790882773.070,stac-fastapi,0.24,89.1,6
1790882773.070,titiler-pgstac,0.19,287.5,21
1790882773.070,tipg,0.21,130.0,6
1790882773.070,stac-auth-proxy,0.26,156.6,3
1790882773.070,mock-oidc,0.25,53.9,3
1790882773.070,stac-browser,0.00,16.9,7
1790882773.070,stac-manager,0.36,57.7,11
1790882775.102,lab,0.00,120.5,14
1790882775.102,database,0.15,215.2,10
1790882775.102,stac-fastapi,0.26,89.1,6
1790882775.102,titiler-pgstac,0.23,287.5,21
1790882775.102,tipg,0.19,130.0,6
1790882775.102,stac-auth-proxy,0.24,156.6,3
1790882775.102,mock-oidc,0.22,53.9,3
1790882775.102,stac-browser,0.00,16.9,7
1790882775.102,stac-manager,0.00,57.7,11
1790882777.135,lab,58.59,145.7,15
1790882777.135,database,0.14,215.2,10
1790882777.135,stac-fastapi,0.19,89.1,6
1790882777.135,titiler-pgstac,0.17,287.5,21
1790882777.135,tipg,0.17,130.0,6
1790882777.135,stac-auth-proxy,0.22,156.6,3
1790882777.135,mock-oidc,0.22,53.9,3
1790882777.135,stac-browser,0.00,16.9,7
1790882777.135,stac-manager,0.00,57.7,11
1790882779.164,lab,99.87,187.9,15
1790882779.164,database,3.51,215.2,10
1790882779.164,stac-fastapi,0.14,89.1,6
1790882779.164,titiler-pgstac,0.15,287.5,21
1790882779.164,tipg,0.15,130.0,6
1790882779.164,stac-auth-proxy,0.16,156.6,3
1790882779.164,mock-oidc,0.17,53.9,3
1790882779.164,stac-browser,0.00,16.9,7
1790882779.164,stac-manager,0.00,57.7,11
1790882781.187,lab,100.25,191.9,15
1790882781.187,database,0.08,215.2,10
1790882781.187,stac-fastapi,0.20,89.1,6
1790882781.187,titiler-pgstac,0.20,287.5,21
1790882781.187,tipg,0.20,130.0,6
1790882781.187,stac-auth-proxy,0.23,156.6,3
1790882781.187,mock-oidc,0.14,53.9,3
1790882781.187,stac-browser,0.00,16.9,7
1790882781.187,stac-manager,0.00,57.7,11
1790882783.211,lab,100.55,194.5,15
1790882783.211,database,0.10,215.2,10
1790882783.211,stac-fastapi,0.18,89.1,6
1790882783.211,titiler-pgstac,0.25,287.5,21
1790882783.211,tipg,0.22,130.0,6
1790882783.211,stac-auth-proxy,0.23,156.6,3
1790882783.211,mock-oidc,0.23,53.9,3
1790882783.211,stac-browser,0.00,16.9,7
1790882783.211,stac-manager,0.00,57.7,11
1790882785.245,lab,0.00,133.4,14
1790882785.245,database,4.73,215.2,10
1790882785.245,stac-fastapi,0.27,89.1,6
1790882785.245,titiler-pgstac,0.18,287.5,21
1790882785.245,tipg,0.15,130.0,6
1790882785.245,stac-auth-proxy,0.25,156.6,3
1790882785.245,mock-oidc,0.25,53.9,3
1790882785.245,stac-browser,0.00,16.9,7
1790882785.245,stac-manager,0.00,57.7,11
1790882787.307,lab,1.92,133.5,14
1790882787.307,database,4.10,237.1,13
1790882787.307,stac-fastapi,0.22,89.1,6
1790882787.307,titiler-pgstac,18.22,288.3,36
1790882787.307,tipg,0.21,130.0,6
1790882787.307,stac-auth-proxy,0.23,156.6,3
1790882787.307,mock-oidc,0.23,53.9,3
1790882787.307,stac-browser,0.00,16.9,7
1790882787.307,stac-manager,0.00,57.7,11
1790882789.337,lab,2.85,133.5,14
1790882789.337,database,6.32,237.4,13
1790882789.337,stac-fastapi,0.19,89.1,6
1790882789.337,titiler-pgstac,24.56,288.5,34
1790882789.337,tipg,0.21,130.0,6
1790882789.337,stac-auth-proxy,0.24,156.6,3
1790882789.337,mock-oidc,0.21,53.9,3
1790882789.337,stac-browser,0.00,16.9,7
1790882789.337,stac-manager,0.00,57.7,11
1790882791.363,lab,2.35,133.5,14
1790882791.363,database,10.04,237.4,13
1790882791.363,stac-fastapi,0.17,89.1,6
1790882791.363,titiler-pgstac,19.64,288.8,36
1790882791.363,tipg,0.19,130.0,6
1790882791.363,stac-auth-proxy,0.26,156.6,3
1790882791.363,mock-oidc,0.20,53.9,3
1790882791.363,stac-browser,0.00,16.9,7
1790882791.363,stac-manager,0.00,57.7,11
1790882793.395,lab,1.28,133.5,14
1790882793.395,database,3.83,237.6,13
1790882793.395,stac-fastapi,0.17,89.1,6
1790882793.395,titiler-pgstac,19.37,288.5,38
1790882793.395,tipg,0.21,130.0,6
1790882793.395,stac-auth-proxy,0.18,156.6,3
1790882793.395,mock-oidc,0.21,53.9,3
1790882793.395,stac-browser,0.00,16.9,7
1790882793.395,stac-manager,0.00,57.7,11
1790882795.421,lab,1.57,133.5,14
1790882795.421,database,5.07,237.7,13
1790882795.421,stac-fastapi,0.17,89.1,6
1790882795.421,titiler-pgstac,17.10,288.4,38
1790882795.421,tipg,0.19,130.0,6
1790882795.421,stac-auth-proxy,0.20,156.6,3
1790882795.421,mock-oidc,0.30,53.9,3
1790882795.421,stac-browser,0.00,16.9,7
1790882795.421,stac-manager,0.00,57.7,11
1790882797.460,lab,0.67,133.6,14
1790882797.460,database,5.59,237.8,13
1790882797.460,stac-fastapi,0.20,89.1,6
1790882797.460,titiler-pgstac,20.77,288.9,35
1790882797.460,tipg,0.21,130.0,6
1790882797.460,stac-auth-proxy,0.20,156.6,3
1790882797.460,mock-oidc,0.22,53.9,3
1790882797.460,stac-browser,0.00,16.9,7
1790882797.460,stac-manager,0.00,57.7,11
1790882799.517,lab,1.09,133.6,14
1790882799.517,database,3.87,237.9,13
1790882799.517,stac-fastapi,0.18,89.1,6
1790882799.517,titiler-pgstac,16.18,290.4,38
1790882799.517,tipg,0.15,130.0,6
1790882799.517,stac-auth-proxy,0.18,156.6,3
1790882799.517,mock-oidc,0.21,53.9,3
1790882799.517,stac-browser,0.00,16.9,7
1790882799.517,stac-manager,0.00,57.7,11
1790882801.542,lab,2.27,133.6,14
1790882801.542,database,6.36,237.9,13
1790882801.542,stac-fastapi,0.13,89.1,6
1790882801.542,titiler-pgstac,27.61,290.6,42
1790882801.542,tipg,0.15,130.0,6
1790882801.542,stac-auth-proxy,0.31,156.6,3
1790882801.542,mock-oidc,0.22,53.9,3
1790882801.542,stac-browser,0.00,16.9,7
1790882801.542,stac-manager,0.00,57.7,11
1790882803.570,lab,1.21,133.6,14
1790882803.570,database,6.93,238.0,13
1790882803.570,stac-fastapi,0.14,89.1,6
1790882803.570,titiler-pgstac,17.71,290.6,42
1790882803.570,tipg,0.16,130.0,6
1790882803.570,stac-auth-proxy,0.15,156.6,3
1790882803.570,mock-oidc,0.19,53.9,3
1790882803.570,stac-browser,0.00,16.9,7
1790882803.570,stac-manager,0.25,57.7,11
1790882805.603,lab,1.33,133.7,14
1790882805.603,database,4.93,237.7,13
1790882805.603,stac-fastapi,0.18,89.1,6
1790882805.603,titiler-pgstac,18.93,290.6,42
1790882805.603,tipg,0.17,130.0,6
1790882805.603,stac-auth-proxy,0.19,156.6,3
1790882805.603,mock-oidc,0.20,53.9,3
1790882805.603,stac-browser,0.00,16.9,7
1790882805.603,stac-manager,0.00,57.7,11
1790882807.633,lab,2.77,133.8,14
1790882807.633,database,7.43,237.8,13
1790882807.633,stac-fastapi,0.24,89.1,6
1790882807.633,titiler-pgstac,28.42,290.5,40
1790882807.633,tipg,0.19,130.0,6
1790882807.633,stac-auth-proxy,0.20,156.6,3
1790882807.633,mock-oidc,0.21,53.9,3
1790882807.633,stac-browser,0.00,16.9,7
1790882807.633,stac-manager,0.00,57.7,11
1790882809.664,lab,0.91,133.9,14
1790882809.664,database,8.15,237.9,13
1790882809.664,stac-fastapi,0.16,89.1,6
1790882809.664,titiler-pgstac,18.88,290.6,42
1790882809.664,tipg,0.17,130.0,6
1790882809.664,stac-auth-proxy,0.18,156.6,3
1790882809.664,mock-oidc,0.28,53.9,3
1790882809.664,stac-browser,0.00,16.9,7
1790882809.664,stac-manager,0.00,57.7,11
1790882811.691,lab,2.83,134.0,14
1790882811.691,database,8.44,238.1,13
1790882811.691,stac-fastapi,0.14,89.1,6
1790882811.691,titiler-pgstac,32.70,290.6,42
1790882811.691,tipg,0.19,130.0,6
1790882811.691,stac-auth-proxy,0.19,156.6,3
1790882811.691,mock-oidc,0.19,53.9,3
1790882811.691,stac-browser,0.00,16.9,7
1790882811.691,stac-manager,0.00,57.7,11
1790882813.733,lab,1.22,134.0,14
1790882813.733,database,4.06,238.1,13
1790882813.733,stac-fastapi,0.21,89.1,6
1790882813.733,titiler-pgstac,21.27,291.3,38
1790882813.733,tipg,0.20,130.0,6
1790882813.733,stac-auth-proxy,0.22,156.6,3
1790882813.733,mock-oidc,0.20,53.9,3
1790882813.733,stac-browser,0.00,16.9,7
1790882813.733,stac-manager,0.00,57.7,11
1790882815.742,lab,2.67,134.0,14
1790882815.742,database,13.28,238.3,13
1790882815.742,stac-fastapi,0.21,89.1,6
1790882815.742,titiler-pgstac,34.55,290.5,37
1790882815.742,tipg,0.20,130.0,6
1790882815.742,stac-auth-proxy,0.23,156.6,3
1790882815.742,mock-oidc,0.23,53.9,3
1790882815.742,stac-browser,0.00,16.9,7
1790882815.742,stac-manager,0.00,57.7,11
1790882817.773,lab,2.34,134.0,14
1790882817.773,database,7.40,238.5,13
1790882817.773,stac-fastapi,0.15,89.1,6
1790882817.773,titiler-pgstac,32.94,290.6,42
1790882817.773,tipg,0.19,130.0,6
1790882817.773,stac-auth-proxy,0.21,156.6,3
1790882817.773,mock-oidc,0.17,53.9,3
1790882817.773,stac-browser,0.00,16.9,7
1790882817.773,stac-manager,0.00,57.7,11
1790882819.799,lab,3.14,134.0,14
1790882819.799,database,7.83,238.6,13
1790882819.799,stac-fastapi,0.17,89.1,6
1790882819.799,titiler-pgstac,35.15,291.1,44
1790882819.799,tipg,0.19,130.0,6
1790882819.799,stac-auth-proxy,0.17,156.6,3
1790882819.799,mock-oidc,0.18,53.9,3
1790882819.799,stac-browser,0.00,16.9,7
1790882819.799,stac-manager,0.00,57.7,11
1790882821.826,lab,1.72,134.0,14
1790882821.826,database,8.62,238.7,13
1790882821.826,stac-fastapi,0.17,89.1,6
1790882821.826,titiler-pgstac,23.50,290.8,44
1790882821.826,tipg,0.15,130.0,6
1790882821.826,stac-auth-proxy,0.16,156.6,3
1790882821.826,mock-oidc,0.18,53.9,3
1790882821.826,stac-browser,0.00,16.9,7
1790882821.826,stac-manager,0.00,57.7,11
1790882823.850,lab,0.56,134.1,14
1790882823.850,database,1.44,238.8,13
1790882823.850,stac-fastapi,0.17,89.1,6
1790882823.850,titiler-pgstac,15.95,290.6,40
1790882823.850,tipg,0.18,130.0,6
1790882823.850,stac-auth-proxy,0.19,156.6,3
1790882823.850,mock-oidc,0.18,53.9,3
1790882823.850,stac-browser,0.00,16.9,7
1790882823.850,stac-manager,0.00,57.7,11
1790882825.888,lab,1.83,134.2,14
1790882825.888,database,6.06,238.9,13
1790882825.888,stac-fastapi,0.17,89.1,6
1790882825.888,titiler-pgstac,26.42,290.8,40
1790882825.888,tipg,0.17,130.0,6
1790882825.888,stac-auth-proxy,0.21,156.6,3
1790882825.888,mock-oidc,0.20,53.9,3
1790882825.888,stac-browser,0.00,16.9,7
1790882825.888,stac-manager,0.00,57.7,11
1790882827.922,lab,0.50,134.2,14
1790882827.922,database,3.87,239.0,13
1790882827.922,stac-fastapi,0.18,89.1,6
1790882827.922,titiler-pgstac,13.81,291.8,24
1790882827.922,tipg,0.19,130.0,6
1790882827.922,stac-auth-proxy,0.26,156.6,3
1790882827.922,mock-oidc,0.19,53.9,3
1790882827.922,stac-browser,0.00,16.9,7
1790882827.922,stac-manager,0.00,57.7,11
1790882829.957,lab,0.00,134.2,14
1790882829.957,database,0.02,239.0,13
1790882829.957,stac-fastapi,0.28,89.1,6
1790882829.957,titiler-pgstac,0.21,291.8,24
1790882829.957,tipg,0.17,130.0,6
1790882829.957,stac-auth-proxy,0.24,156.6,3
1790882829.957,mock-oidc,0.20,53.9,3
1790882829.957,stac-browser,0.00,16.9,7
1790882829.957,stac-manager,0.00,57.7,11
1790882832.008,lab,0.00,134.2,14
1790882832.008,database,0.02,239.0,13
1790882832.008,stac-fastapi,0.17,89.1,6
1790882832.008,titiler-pgstac,0.20,291.8,24
1790882832.008,tipg,0.23,130.0,6
1790882832.008,stac-auth-proxy,0.24,156.6,3
1790882832.008,mock-oidc,0.16,53.9,3
1790882832.008,stac-browser,0.00,16.9,7
1790882832.008,stac-manager,0.00,57.7,11
1790882834.046,lab,0.00,134.2,14
1790882834.046,database,4.56,239.0,13
1790882834.046,stac-fastapi,0.28,89.1,6
1790882834.046,titiler-pgstac,0.29,291.8,24
1790882834.046,tipg,0.23,130.0,6
1790882834.046,stac-auth-proxy,0.26,156.6,3
1790882834.046,mock-oidc,0.28,53.9,3
1790882834.046,stac-browser,0.00,16.9,7
1790882834.046,stac-manager,0.00,57.7,11
1790882836.078,lab,0.00,134.2,14
1790882836.078,database,0.01,239.0,13
1790882836.078,stac-fastapi,0.23,89.1,6
1790882836.078,titiler-pgstac,0.20,291.8,24
1790882836.078,tipg,0.18,130.0,6
1790882836.078,stac-auth-proxy,0.22,156.6,3
1790882836.078,mock-oidc,0.19,53.9,3
1790882836.078,stac-browser,0.00,16.9,7
1790882836.078,stac-manager,0.00,57.7,11
1790882838.107,lab,2.76,136.9,19
1790882838.107,database,153.58,308.3,17
1790882838.107,stac-fastapi,0.14,89.1,6
1790882838.107,titiler-pgstac,0.89,292.0,25
1790882838.107,tipg,17.80,129.9,14
1790882838.107,stac-auth-proxy,0.30,156.6,3
1790882838.107,mock-oidc,0.16,53.9,4
1790882838.107,stac-browser,0.00,16.9,7
1790882838.107,stac-manager,0.00,57.7,11
1790882840.157,lab,0.00,134.3,14
1790882840.157,database,8.38,308.3,17
1790882840.157,stac-fastapi,0.17,89.1,6
1790882840.157,titiler-pgstac,0.18,291.8,24
1790882840.157,tipg,0.17,129.1,9
1790882840.157,stac-auth-proxy,0.21,156.6,3
1790882840.157,mock-oidc,0.23,53.9,3
1790882840.157,stac-browser,0.00,16.9,7
1790882840.157,stac-manager,0.00,57.7,11
1790882842.176,lab,0.00,134.3,14
1790882842.176,database,0.01,308.3,17
1790882842.176,stac-fastapi,0.19,89.1,6
1790882842.176,titiler-pgstac,0.24,291.8,24
1790882842.176,tipg,0.26,129.1,9
1790882842.176,stac-auth-proxy,0.26,156.6,3
1790882842.176,mock-oidc,0.28,53.9,3
1790882842.176,stac-browser,0.00,16.9,7
1790882842.176,stac-manager,0.00,57.7,11
1790882844.209,lab,0.00,134.3,14
1790882844.209,database,1.44,308.3,17
1790882844.209,stac-fastapi,0.31,89.1,6
1790882844.209,titiler-pgstac,0.28,291.8,24
1790882844.209,tipg,0.28,129.1,9
1790882844.209,stac-auth-proxy,0.36,156.6,3
1790882844.209,mock-oidc,0.38,53.9,3
1790882844.209,stac-browser,0.00,16.9,7
1790882844.209,stac-manager,0.00,57.7,11
1790882846.250,lab,0.00,134.3,14
1790882846.250,database,3.89,308.6,17
1790882846.250,stac-fastapi,0.15,89.1,6
1790882846.250,titiler-pgstac,0.15,291.8,24
1790882846.250,tipg,0.18,129.1,9
1790882846.250,stac-auth-proxy,14.22,156.8,3
1790882846.250,mock-oidc,0.28,53.9,3
1790882846.250,stac-browser,0.00,16.9,7
1790882846.250,stac-manager,0.00,57.7,11
1790882848.314,lab,2.00,134.3,14
1790882848.314,database,20.22,309.1,17
1790882848.314,stac-fastapi,8.97,89.1,6
1790882848.314,titiler-pgstac,2.20,291.8,24
1790882848.314,tipg,2.06,129.1,9
1790882848.314,stac-auth-proxy,45.17,155.7,4
1790882848.314,mock-oidc,2.28,53.9,3
1790882848.314,stac-browser,6.73,16.9,7
1790882848.314,stac-manager,13.00,63.3,13
1790882850.349,lab,0.00,134.3,14
1790882850.349,database,0.00,309.1,17
1790882850.349,stac-fastapi,0.33,89.1,6
1790882850.349,titiler-pgstac,0.18,291.8,24
1790882850.349,tipg,0.23,129.1,9
1790882850.349,stac-auth-proxy,0.22,155.7,4
1790882850.349,mock-oidc,0.20,53.9,3
1790882850.349,stac-browser,0.00,16.9,7
1790882850.349,stac-manager,0.00,57.7,11
1790882852.383,lab,0.00,134.3,14
1790882852.383,database,1.74,311.2,18
1790882852.383,stac-fastapi,0.25,89.1,6
1790882852.383,titiler-pgstac,0.25,291.8,24
1790882852.383,tipg,0.23,129.1,9
1790882852.383,stac-auth-proxy,0.26,155.7,4
1790882852.383,mock-oidc,0.27,53.9,3
1790882852.383,stac-browser,0.00,16.9,7
1790882852.383,stac-manager,0.00,57.7,11
1790882854.414,lab,0.00,134.3,14
1790882854.414,database,0.00,309.1,17
1790882854.414,stac-fastapi,0.16,89.1,6
1790882854.414,titiler-pgstac,0.17,291.8,24
1790882854.414,tipg,0.22,129.1,9
1790882854.414,stac-auth-proxy,0.24,155.7,4
1790882854.414,mock-oidc,0.22,53.9,3
1790882854.414,stac-browser,0.00,16.9,7
1790882854.414,stac-manager,0.00,57.7,11
1790882856.445,lab,31.23,170.6,26
1790882856.445,database,3.05,309.1,17
1790882856.445,stac-fastapi,0.14,89.1,6
1790882856.445,titiler-pgstac,0.17,291.8,24
1790882856.445,tipg,0.16,129.1,9
1790882856.445,stac-auth-proxy,0.13,155.7,4
1790882856.445,mock-oidc,0.18,53.9,3
1790882856.445,stac-browser,0.00,16.9,7
1790882856.445,stac-manager,0.00,57.7,11
1790882858.483,lab,11.69,230.1,31
1790882858.483,database,0.14,309.1,23
1790882858.483,stac-fastapi,0.18,89.1,6
1790882858.483,titiler-pgstac,0.26,291.8,24
1790882858.483,tipg,0.19,129.1,9
1790882858.483,stac-auth-proxy,0.30,155.7,4
1790882858.483,mock-oidc,0.21,53.9,3
1790882858.483,stac-browser,0.00,16.9,7
1790882858.483,stac-manager,0.00,57.7,11
1790882860.549,lab,4.86,237.5,33
1790882860.549,database,0.85,309.1,17
1790882860.549,stac-fastapi,0.20,89.1,6
1790882860.549,titiler-pgstac,0.22,291.8,24
1790882860.549,tipg,0.19,129.1,9
1790882860.549,stac-auth-proxy,0.26,155.7,4
1790882860.549,mock-oidc,0.23,53.9,3
1790882860.549,stac-browser,0.00,16.9,7
1790882860.549,stac-manager,0.00,57.7,11
1790882862.586,lab,62.38,882.0,31
1790882862.586,database,3.28,309.1,17
1790882862.586,stac-fastapi,0.28,89.1,6
1790882862.586,titiler-pgstac,0.27,291.8,24
1790882862.586,tipg,0.29,129.1,9
1790882862.586,stac-auth-proxy,0.31,155.7,4
1790882862.586,mock-oidc,0.29,53.9,3
1790882862.586,stac-browser,0.00,16.9,7
1790882862.586,stac-manager,0.00,57.7,11
1790882864.627,lab,13.62,1001.0,31
1790882864.627,database,0.02,309.1,17
1790882864.627,stac-fastapi,0.21,89.1,6
1790882864.627,titiler-pgstac,0.22,291.8,24
1790882864.627,tipg,0.20,129.1,9
1790882864.627,stac-auth-proxy,0.24,155.7,4
1790882864.627,mock-oidc,0.23,53.9,3
1790882864.627,stac-browser,0.00,16.9,7
1790882864.627,stac-manager,0.00,57.7,11
1790882866.663,lab,60.60,1213.4,31
1790882866.663,database,0.02,309.1,17
1790882866.663,stac-fastapi,0.23,89.1,6
1790882866.663,titiler-pgstac,0.25,291.8,24
1790882866.663,tipg,0.25,129.1,9
1790882866.663,stac-auth-proxy,0.22,155.7,4
1790882866.663,mock-oidc,0.26,53.9,3
1790882866.663,stac-browser,0.00,16.9,7
1790882866.663,stac-manager,0.00,57.7,11
1790882868.727,lab,0.05,1213.4,31
1790882868.727,database,4.45,309.2,17
1790882868.727,stac-fastapi,0.15,89.1,6
1790882868.727,titiler-pgstac,0.23,291.8,24
1790882868.727,tipg,0.23,129.1,9
1790882868.727,stac-auth-proxy,0.24,155.7,4
1790882868.727,mock-oidc,0.23,53.9,3
1790882868.727,stac-browser,0.00,16.9,7
1790882868.727,stac-manager,0.00,57.7,11
1790882870.761,lab,0.00,1213.4,31
1790882870.761,database,0.00,309.1,17
1790882870.761,stac-fastapi,0.26,89.1,6
1790882870.761,titiler-pgstac,0.26,291.8,24
1790882870.761,tipg,0.27,129.1,9
1790882870.761,stac-auth-proxy,0.29,155.7,4
1790882870.761,mock-oidc,0.26,53.9,3
1790882870.761,stac-browser,0.00,16.9,7
1790882870.761,stac-manager,0.00,57.7,11
1790882872.802,lab,0.00,1213.4,31
1790882872.802,database,0.00,309.1,17
1790882872.802,stac-fastapi,0.23,89.1,6
1790882872.802,titiler-pgstac,0.22,291.8,24
1790882872.802,tipg,0.25,129.1,9
1790882872.802,stac-auth-proxy,0.26,155.7,4
1790882872.802,mock-oidc,0.25,53.9,3
1790882872.802,stac-browser,0.00,16.9,7
1790882872.802,stac-manager,0.00,57.7,11
1790882874.841,lab,0.24,1213.4,31
1790882874.841,database,5.04,309.1,17
1790882874.841,stac-fastapi,0.16,89.1,6
1790882874.841,titiler-pgstac,0.21,291.8,24
1790882874.841,tipg,0.20,129.1,9
1790882874.841,stac-auth-proxy,0.22,155.7,4
1790882874.841,mock-oidc,0.22,53.9,3
1790882874.841,stac-browser,0.00,16.9,7
1790882874.841,stac-manager,0.00,57.7,11
1790882876.882,lab,0.12,1213.4,31
1790882876.882,database,0.00,309.1,17
1790882876.882,stac-fastapi,0.29,89.1,6
1790882876.882,titiler-pgstac,0.25,291.8,24
1790882876.882,tipg,0.27,129.1,9
1790882876.882,stac-auth-proxy,0.38,155.7,4
1790882876.882,mock-oidc,0.40,53.9,3
1790882876.882,stac-browser,0.00,16.9,7
1790882876.882,stac-manager,0.00,57.7,11
1790882878.919,lab,49.38,134.4,14
1790882878.919,database,0.04,309.1,17
1790882878.919,stac-fastapi,0.21,89.1,6
1790882878.919,titiler-pgstac,0.22,291.8,24
1790882878.919,tipg,0.21,129.1,9
1790882878.919,stac-auth-proxy,0.24,155.7,4
1790882878.919,mock-oidc,0.25,53.9,3
1790882878.919,stac-browser,0.00,16.9,7
1790882878.919,stac-manager,0.00,57.7,11
1790882880.952,lab,2.22,134.4,14
1790882880.952,database,4.31,309.1,17
1790882880.952,stac-fastapi,0.18,89.1,6
1790882880.952,titiler-pgstac,0.16,291.8,24
1790882880.952,tipg,0.18,129.1,9
1790882880.952,stac-auth-proxy,0.24,155.7,4
1790882880.952,mock-oidc,0.31,53.9,3
1790882880.952,stac-browser,0.00,16.9,7
1790882880.952,stac-manager,0.00,57.7,11
1790882882.989,lab,0.00,134.4,14
1790882882.989,database,0.00,309.1,17
1790882882.989,stac-fastapi,0.16,89.1,6
1790882882.989,titiler-pgstac,0.17,291.8,24
1790882882.989,tipg,0.17,129.1,9
1790882882.989,stac-auth-proxy,0.21,155.7,4
1790882882.989,mock-oidc,0.21,53.9,3
1790882882.989,stac-browser,0.00,16.9,7
1790882882.989,stac-manager,0.00,57.7,11
1790882885.022,lab,0.00,134.4,14
1790882885.022,database,0.00,309.1,17
1790882885.022,stac-fastapi,0.18,89.1,6
1790882885.022,titiler-pgstac,0.22,291.8,24
1790882885.022,tipg,0.21,129.1,9
1790882885.022,stac-auth-proxy,0.22,155.7,4
1790882885.022,mock-oidc,0.27,53.9,3
1790882885.022,stac-browser,0.00,16.9,7
1790882885.022,stac-manager,0.00,57.7,11
1790882887.055,lab,4.34,134.4,14
1790882887.055,database,8.42,309.1,17
1790882887.055,stac-fastapi,2.87,89.1,6
1790882887.055,titiler-pgstac,2.63,291.8,24
1790882887.055,tipg,2.96,129.1,9
1790882887.055,stac-auth-proxy,2.43,155.7,4
1790882887.055,mock-oidc,2.99,53.9,3
1790882887.055,stac-browser,6.26,16.9,7
1790882887.055,stac-manager,11.78,57.7,11
1790882889.108,lab,103.69,170.8,26
1790882889.108,database,79.28,309.7,17
1790882889.108,stac-fastapi,10.15,89.1,6
1790882889.108,titiler-pgstac,30.36,292.2,36
1790882889.108,tipg,47.49,129.1,9
1790882889.108,stac-auth-proxy,59.86,155.7,4
1790882889.108,mock-oidc,0.22,53.9,3
1790882889.108,stac-browser,0.00,16.9,7
1790882889.108,stac-manager,0.00,57.7,11
1790882891.154,lab,88.29,230.1,31
1790882891.154,database,145.79,318.5,17
1790882891.154,stac-fastapi,8.39,89.1,6
1790882891.154,titiler-pgstac,46.15,292.3,38
1790882891.154,tipg,24.81,129.1,9
1790882891.154,stac-auth-proxy,68.26,155.7,4
1790882891.154,mock-oidc,0.48,53.9,3
1790882891.154,stac-browser,0.00,16.9,7
1790882891.154,stac-manager,0.00,57.7,11
1790882893.275,lab,0.66,230.3,33
1790882893.275,database,6.78,313.6,17
1790882893.275,stac-fastapi,0.18,89.1,6
1790882893.275,titiler-pgstac,13.70,292.3,36
1790882893.275,tipg,0.22,129.1,9
1790882893.275,stac-auth-proxy,0.25,155.7,4
1790882893.275,mock-oidc,0.25,53.9,3
1790882893.275,stac-browser,0.00,16.9,7
1790882893.275,stac-manager,1.47,57.7,11
1790882895.308,lab,10.77,309.5,31
1790882895.308,database,1.77,313.6,17
1790882895.308,stac-fastapi,0.18,89.1,6
1790882895.308,titiler-pgstac,15.74,292.3,36
1790882895.308,tipg,0.17,129.1,9
1790882895.308,stac-auth-proxy,0.23,155.7,4
1790882895.308,mock-oidc,0.21,53.9,3
1790882895.308,stac-browser,0.00,16.9,7
1790882895.308,stac-manager,0.00,57.7,11
1790882897.334,lab,7.23,929.7,31
1790882897.334,database,5.64,313.7,17
1790882897.334,stac-fastapi,0.17,89.1,6
1790882897.334,titiler-pgstac,26.14,292.4,38
1790882897.334,tipg,0.16,129.1,9
1790882897.334,stac-auth-proxy,0.37,155.7,4
1790882897.334,mock-oidc,0.17,53.9,3
1790882897.334,stac-browser,0.00,16.9,7
1790882897.334,stac-manager,0.00,57.7,11
1790882899.378,lab,75.67,1213.4,31
1790882899.378,database,8.77,313.8,17
1790882899.378,stac-fastapi,0.19,89.1,6
1790882899.378,titiler-pgstac,12.61,292.4,38
1790882899.378,tipg,0.15,129.1,9
1790882899.378,stac-auth-proxy,0.21,155.7,4
1790882899.378,mock-oidc,0.18,53.9,3
1790882899.378,stac-browser,0.00,16.9,7
1790882899.378,stac-manager,0.00,57.7,11
1790882901.407,lab,1.06,1213.4,31
1790882901.407,database,2.76,313.8,17
1790882901.407,stac-fastapi,0.16,89.1,6
1790882901.407,titiler-pgstac,17.55,292.9,40
1790882901.407,tipg,0.15,129.1,9
1790882901.407,stac-auth-proxy,0.23,155.7,4
1790882901.407,mock-oidc,0.19,53.9,3
1790882901.407,stac-browser,0.00,16.9,7
1790882901.407,stac-manager,0.00,57.7,11
1790882903.438,lab,1.62,1213.4,31
1790882903.438,database,6.95,313.9,17
1790882903.438,stac-fastapi,0.16,89.1,6
1790882903.438,titiler-pgstac,22.29,292.8,42
1790882903.438,tipg,0.25,129.1,9
1790882903.438,stac-auth-proxy,0.21,155.7,4
1790882903.438,mock-oidc,0.76,53.9,3
1790882903.438,stac-browser,0.00,16.9,7
1790882903.438,stac-manager,0.00,57.7,11
1790882905.466,lab,1.57,1213.4,31
1790882905.466,database,7.58,314.0,17
1790882905.466,stac-fastapi,0.17,89.1,6
1790882905.466,titiler-pgstac,18.45,292.6,44
1790882905.466,tipg,0.20,129.1,9
1790882905.466,stac-auth-proxy,0.19,155.7,4
1790882905.466,mock-oidc,0.21,53.9,3
1790882905.466,stac-browser,0.00,16.9,7
1790882905.466,stac-manager,0.00,57.7,11
1790882907.494,lab,0.69,1213.4,31
1790882907.494,database,1.65,314.1,17
1790882907.494,stac-fastapi,0.19,89.1,6
1790882907.494,titiler-pgstac,22.02,292.8,36
1790882907.494,tipg,0.24,129.1,9
1790882907.494,stac-auth-proxy,0.24,155.7,4
1790882907.494,mock-oidc,0.23,53.9,3
1790882907.494,stac-browser,0.00,16.9,7
1790882907.494,stac-manager,0.00,57.7,11
1790882909.536,lab,1.48,1213.4,31
1790882909.536,database,4.59,314.1,17
1790882909.536,stac-fastapi,0.16,89.1,6
1790882909.536,titiler-pgstac,20.42,292.4,40
1790882909.536,tipg,0.17,129.1,9
1790882909.536,stac-auth-proxy,0.18,155.7,4
1790882909.536,mock-oidc,0.25,53.9,3
1790882909.536,stac-browser,0.00,16.9,7
1790882909.536,stac-manager,0.00,57.7,11
1790882911.565,lab,48.31,207.9,16
1790882911.565,database,9.39,314.2,17
1790882911.565,stac-fastapi,0.26,89.1,6
1790882911.565,titiler-pgstac,22.78,292.8,44
1790882911.565,tipg,0.16,129.1,9
1790882911.565,stac-auth-proxy,0.22,155.7,4
1790882911.565,mock-oidc,0.20,53.9,3
1790882911.565,stac-browser,0.00,16.9,7
1790882911.565,stac-manager,0.00,57.7,11
1790882913.603,lab,1.09,134.5,14
1790882913.603,database,2.85,314.3,17
1790882913.603,stac-fastapi,0.19,89.1,6
1790882913.603,titiler-pgstac,22.62,293.6,50
1790882913.603,tipg,0.37,129.1,9
1790882913.603,stac-auth-proxy,0.20,155.7,4
1790882913.603,mock-oidc,0.16,53.9,3
1790882913.603,stac-browser,0.00,16.9,7
1790882913.603,stac-manager,0.00,57.7,11
1790882915.645,lab,1.02,134.5,14
1790882915.645,database,5.38,314.3,17
1790882915.645,stac-fastapi,0.19,89.1,6
1790882915.645,titiler-pgstac,20.34,292.4,38
1790882915.645,tipg,0.17,129.1,9
1790882915.645,stac-auth-proxy,0.23,155.7,4
1790882915.645,mock-oidc,0.30,53.9,3
1790882915.645,stac-browser,0.00,16.9,7
1790882915.645,stac-manager,0.00,57.7,11
1790882917.683,lab,1.54,134.5,14
1790882917.683,database,8.20,314.4,17
1790882917.683,stac-fastapi,0.18,89.1,6
1790882917.683,titiler-pgstac,21.54,292.7,46
1790882917.683,tipg,0.20,129.1,9
1790882917.683,stac-auth-proxy,0.23,155.7,4
1790882917.683,mock-oidc,0.23,53.9,3
1790882917.683,stac-browser,0.00,16.9,7
1790882917.683,stac-manager,0.00,57.7,11
1790882919.708,lab,1.93,134.5,14
1790882919.708,database,5.51,314.5,17
1790882919.708,stac-fastapi,0.24,89.1,6
1790882919.708,titiler-pgstac,31.37,293.0,46
1790882919.708,tipg,0.31,129.1,9
1790882919.708,stac-auth-proxy,0.18,155.7,4
1790882919.708,mock-oidc,0.20,53.9,3
1790882919.708,stac-browser,0.00,16.9,7
1790882919.708,stac-manager,0.00,57.7,11
1790882921.744,lab,0.87,134.5,14
1790882921.744,database,2.26,314.5,17
1790882921.744,stac-fastapi,0.15,89.1,6
1790882921.744,titiler-pgstac,22.33,294.7,44
1790882921.744,tipg,0.17,129.1,9
1790882921.744,stac-auth-proxy,0.18,155.7,4
1790882921.744,mock-oidc,0.18,53.9,3
1790882921.744,stac-browser,0.00,16.9,7
1790882921.744,stac-manager,0.00,57.7,11
1790882923.766,lab,0.58,134.5,14
1790882923.766,database,5.54,314.9,17
1790882923.766,stac-fastapi,0.16,89.1,6
1790882923.766,titiler-pgstac,16.26,294.9,48
1790882923.766,tipg,0.20,129.1,9
1790882923.766,stac-auth-proxy,0.18,155.7,4
1790882923.766,mock-oidc,0.16,53.9,3
1790882923.766,stac-browser,0.00,16.9,7
1790882923.766,stac-manager,0.24,57.7,11
1790882925.794,lab,1.53,134.5,14
1790882925.794,database,5.24,314.7,17
1790882925.794,stac-fastapi,0.15,89.1,6
1790882925.794,titiler-pgstac,23.67,295.2,47
1790882925.794,tipg,0.15,129.1,9
1790882925.794,stac-auth-proxy,0.19,155.7,4
1790882925.794,mock-oidc,0.17,53.9,3
1790882925.794,stac-browser,0.00,16.9,7
1790882925.794,stac-manager,0.00,57.7,11
1790882927.822,lab,1.13,134.5,14
1790882927.822,database,4.78,314.8,17
1790882927.822,stac-fastapi,0.16,89.1,6
1790882927.822,titiler-pgstac,23.09,294.8,42
1790882927.822,tipg,0.16,129.1,9
1790882927.822,stac-auth-proxy,0.19,155.7,4
1790882927.822,mock-oidc,0.17,53.9,3
1790882927.822,stac-browser,0.00,16.9,7
1790882927.822,stac-manager,0.00,57.7,11
1790882929.849,lab,1.67,134.5,14
1790882929.849,database,5.80,314.9,17
1790882929.849,stac-fastapi,0.14,89.1,6
1790882929.849,titiler-pgstac,24.80,297.0,44
1790882929.849,tipg,0.21,129.1,9
1790882929.849,stac-auth-proxy,0.20,155.7,4
1790882929.849,mock-oidc,0.17,53.9,3
1790882929.849,stac-browser,0.00,16.9,7
1790882929.849,stac-manager,0.00,57.7,11
1790882931.865,lab,1.25,134.5,14
1790882931.865,database,3.95,315.0,17
1790882931.865,stac-fastapi,0.16,89.1,6
1790882931.865,titiler-pgstac,23.13,297.0,40
1790882931.865,tipg,0.17,129.1,9
1790882931.865,stac-auth-proxy,0.19,155.7,4
1790882931.865,mock-oidc,0.21,53.9,3
1790882931.865,stac-browser,0.00,16.9,7
1790882931.865,stac-manager,0.00,57.7,11
1790882933.897,lab,2.44,134.5,14
1790882933.897,database,10.48,316.1,17
1790882933.897,stac-fastapi,0.15,89.1,6
1790882933.897,titiler-pgstac,31.92,297.1,38
1790882933.897,tipg,0.13,129.1,9
1790882933.897,stac-auth-proxy,0.16,155.7,4
1790882933.897,mock-oidc,0.16,53.9,3
1790882933.897,stac-browser,0.00,16.9,7
1790882933.897,stac-manager,0.00,57.7,11
1790882935.919,lab,1.70,134.5,14
1790882935.919,database,4.68,315.2,17
1790882935.919,stac-fastapi,0.13,89.1,6
1790882935.919,titiler-pgstac,23.40,297.5,46
1790882935.919,tipg,0.15,129.1,9
1790882935.919,stac-auth-proxy,0.16,155.7,4
1790882935.919,mock-oidc,0.17,53.9,3
1790882935.919,stac-browser,0.00,16.9,7
1790882935.919,stac-manager,0.00,57.7,11
1790882937.947,lab,1.70,134.5,14
1790882937.947,database,6.24,315.3,17
1790882937.947,stac-fastapi,0.19,89.1,6
1790882937.947,titiler-pgstac,22.67,297.9,46
1790882937.947,tipg,0.17,129.1,9
1790882937.947,stac-auth-proxy,0.25,155.7,4
1790882937.947,mock-oidc,0.16,53.9,3
1790882937.947,stac-browser,0.00,16.9,7
1790882937.947,stac-manager,0.00,57.7,11
1790882939.992,lab,1.91,134.5,14
1790882939.992,database,11.93,315.9,17
1790882939.992,stac-fastapi,0.17,89.1,6
1790882939.992,titiler-pgstac,29.46,297.2,41
1790882939.992,tipg,0.19,129.1,9
1790882939.992,stac-auth-proxy,0.19,155.7,4
1790882939.992,mock-oidc,0.19,53.9,3
1790882939.992,stac-browser,0.00,16.9,7
1790882939.992,stac-manager,0.00,57.7,11
1790882942.020,lab,1.67,134.4,14
1790882942.020,database,4.30,315.6,17
1790882942.020,stac-fastapi,0.18,89.1,6
1790882942.020,titiler-pgstac,26.09,297.3,41
1790882942.020,tipg,0.20,129.1,9
1790882942.020,stac-auth-proxy,0.21,155.7,4
1790882942.020,mock-oidc,0.17,53.9,3
1790882942.020,stac-browser,0.00,16.9,7
1790882942.020,stac-manager,0.00,57.7,11
1790882944.043,lab,3.73,135.0,14
1790882944.043,database,1.55,315.6,17
1790882944.043,stac-fastapi,2.21,89.1,6
1790882944.043,titiler-pgstac,5.30,296.5,24
1790882944.043,tipg,1.91,129.1,9
1790882944.043,stac-auth-proxy,2.32,155.7,4
1790882944.043,mock-oidc,1.95,53.9,3
1790882944.043,stac-browser,5.70,16.9,7
1790882944.043,stac-manager,12.90,57.7,11
1790882946.078,lab,0.00,134.4,14
1790882946.078,database,7.78,315.6,17
1790882946.078,stac-fastapi,0.18,89.1,6
1790882946.078,titiler-pgstac,0.21,296.5,24
1790882946.078,tipg,0.21,129.1,9
1790882946.078,stac-auth-proxy,0.22,155.7,4
1790882946.078,mock-oidc,0.24,53.9,3
1790882946.078,stac-browser,0.00,16.9,7
1790882946.078,stac-manager,0.00,57.7,11
1790882948.125,lab,21.24,134.4,14
1790882948.125,database,0.00,315.6,17
1790882948.125,stac-fastapi,10.76,89.1,6
1790882948.125,titiler-pgstac,6.27,296.5,24
1790882948.125,tipg,0.83,129.1,9
1790882948.125,stac-auth-proxy,4.72,155.7,4
1790882948.125,mock-oidc,0.50,53.9,3
1790882948.125,stac-browser,0.00,16.9,7
1790882948.125,stac-manager,0.00,57.7,11
1790882951.179,lab,0.00,134.4,14
1790882951.179,database,0.57,315.6,17
1790882951.179,stac-fastapi,0.26,89.1,6
1790882951.179,titiler-pgstac,0.30,296.5,24
1790882951.179,tipg,0.26,129.1,9
1790882951.179,stac-auth-proxy,0.38,155.7,4
1790882951.179,mock-oidc,0.27,53.9,3
1790882951.179,stac-browser,0.00,16.9,7
1790882951.179,stac-manager,0.00,57.7,11
1790882953.963,lab,0.00,134.4,14
1790882953.963,database,0.03,315.6,17
1790882953.963,stac-fastapi,0.17,89.1,6
1790882953.963,titiler-pgstac,0.19,296.5,24
1790882953.963,tipg,0.18,129.1,9
1790882953.963,stac-auth-proxy,0.22,155.7,4
1790882953.963,mock-oidc,0.20,53.9,3
1790882953.963,stac-browser,0.00,16.9,7
1790882953.963,stac-manager,0.00,57.7,11
1790882956.975,lab,0.00,134.4,14
1790882956.975,database,45.75,315.6,17
1790882956.975,stac-fastapi,0.98,89.1,6
1790882956.975,titiler-pgstac,5.13,296.5,24
1790882956.975,tipg,0.67,129.1,9
1790882956.975,stac-auth-proxy,0.90,155.7,4
1790882956.975,mock-oidc,8.73,53.9,3
1790882956.975,stac-browser,0.00,16.9,7
1790882956.975,stac-manager,0.00,57.7,11
1790882959.298,lab,0.00,134.4,14
1790882959.298,database,0.26,315.6,17
1790882959.298,stac-fastapi,1.07,89.1,6
1790882959.298,titiler-pgstac,0.60,296.5,24
1790882959.298,tipg,1.74,129.1,9
1790882959.298,stac-auth-proxy,0.56,155.7,4
1790882959.298,mock-oidc,0.42,53.9,3
1790882959.298,stac-browser,0.00,16.9,7
1790882959.298,stac-manager,0.00,57.7,11
1790882961.379,lab,0.00,134.4,14
1790882961.379,database,0.03,315.6,17
1790882961.379,stac-fastapi,0.18,89.1,6
1790882961.379,titiler-pgstac,0.18,296.5,24
1790882961.379,tipg,0.21,129.1,9
1790882961.379,stac-auth-proxy,0.23,155.7,4
1790882961.379,mock-oidc,0.29,53.9,3
1790882961.379,stac-browser,0.00,16.9,7
1790882961.379,stac-manager,0.00,57.7,11
